review_id,product_id,title,author,rating,content,timestamp,profile_id,is_verified,helpful_count,product_attributes
R1M1ZIK6WZ8AIK,B0C8PR4W22,5.0 out of 5 stars Excellent Low cost AirPods Max alternative! A classic revisited!,Mahajo,5,"My earliest forays into a More expensive headphone was with the Beats Brand and the wired Beats Pro headphones. Then I graduated to the wireless Beats Studios, as well as the Executive headphones and those were my headphones for years. I donâ€™t recall the noise cancelling being anything at all and of course there was no such thing as a transparency mode back then, but at the time I loved the look, the colors (especially metallic gold of the Beats Studios) and enjoyed the heavy bass sound they provided. As I grew more sophisticated and appreciated more sound quality, I moved on to other headphones (plus my last pair of Beats Studio the hinge broke on one side). I had tried the Beats Solo Pros and wanted to love them but they were, though improved, still an on-ear headphone and too uncomfortable for me. I had hoped then that an update for the Studios to Studio Pros was imminent but turned out it would be awhile before this did come to pass but I knew once it did I would have to buy them and try them out eventually. It didnâ€™t take long as I saw they went on sale for $100 off only a month after release and I jumped on that deal! I am pleasantly impressed for the most part. They do a lot of the same things as the AirPods Max, if not as well. Sound quality is really good and has a more neutral sound than previous Beats Studios did. The Dolby Atmos with head tracking is fun. They are a little bright sounding and I sometimes have to either turn down the volume or use the eq on the iPhone Music App to lower the treble, or turn off the Spatial Stereo feature in the control center, (long press on the volume slider) but overall I find the sound pleasant and lively. There are no wear sensors, but I love the old school B buttons for pausing, volume and skipping and rewinding tracks very easy and intuitive after using Beats Studios for years so I donâ€™t really miss it that much frankly. They are fairly comfortable, the cushioning on the ear pads and headband are plush but they do have a strong clamping force which might bother some but doesnâ€™t bother me overly much, and I am fan of how stable they feel on my head. Noise canceling is quite good but as is expected not at AirPods Max level. Iâ€™ve always loved the 5 LED lights on the bottoms of the right ear cup which will show you the battery level when pressed. A double press of this button will switch between ANC and Transparency. Long press for Bluetooth pairing. No auto-switching between devices but once connected to a device in your iCloud, they automatically show up in other devices in the cloud and a press within the Bluetoothâ€™s settings will switch it to the other device quickly and easily. The headphones will announce messages and you have the ability to use â€œHey, Siriâ€™ but Iâ€™ve noticed sometimes audio will stop with an announcement or Siri activation and may not continue playing music on its own, but a simple press of the â€œBâ€ button will start play again. On the AirPods Max audio will reduce significantly but not stop, but with these the sound stops abruptly which can be jarring at first when the announcement is made. Of course you can turn off announcements in the control center if you want to avoid the interruption altogether. Build quality is plastic but still solid with metal sliders that have a jarring but somehow pleasing click as you slide them in or out. They are also very light, certainly lighter than the AirPods Max (which I also own). Also the case is nice with a spot for cables and even another pouch inside on the other side if you need it, but canâ€™t really imagine adding much as with the headphones in, there really isnâ€™t a lot of room. If you can get these on sale especially I would recommend then as a less pricey alternative to the more expensive headphones like the AirPods Max. Iâ€™m a fan of the sandstone color, I hear the dark colors, especially black, are finger smear magnets. These are a little bit like that, but with the light color it is much less of an issue. These are a classic revisited and I will always have a soft spot for the Beats Studio (now pros) headphones! I forgot to mention that you can use the usb c cable for lossless audio from your computer or iPad, which is awesome, although i have yet to try that out as I am all about wireless functionality, I donâ€™t like being tied down to wires! Still great option, and one the AirPods Max cannot do (yet anyway). These are a great option for those not willing or able to spend more and still great a great headphone!","Reviewed in the United States September 11, 2023",AGUIQ5S5JSDEN4XKQGG5JPZZQNHQ,True,344,Color: SandstoneStyle: Studio ProSet: Without AppleCare+
R1MZVYL3ULXVYC,B0C8PR4W22,"5.0 out of 5 stars The King is back, for a niche audience",Apple nerd,5,"I loved my Beats Solo headphones as a teenager. Iâ€™m talking monster cable beats. Nothing was cooler, the bass was thundering, and while it didnâ€™t sound great, it sounded so much better than the iPod in ears or my dadâ€™s old crappy walkman on-ears I was used to. I listen to mostly electronic music, bass/dubstep, house & techno, all of that with some hip/hop and pop sprinkled in as well. I also love movies.As an adult at home, I have my beyerdynamic dt 770 pros for mixing and editing with. I have a pair of AirPods Pro 2s for travel and day to day usage. Recently, I have started to work from home a lot more in meetings, and there has been a lot of construction outside my window, and I hate having things stuck in my ears for hours on end so I was in the market for a pair of noise canceling over ear headphones.My partner has a pair of AirPods Max, I found the sound to be really great, detailed with good sound stage and flat great for voice but clinical and safe in all respects and lacking the bass I was looking for. Even with the top-of-the-pack anc and apple integration features I was used to on my in-ears I never could swallow the price. Also they were comfortable, but so heavy and not suited for long periods of wear. And the case was weird.So I tried the bereydynamic lagoon ANCs. They were garbage. Impossible to use the controls and pair with devices, sounded really good but not as good as I would expect from this brand, and the issues go on and on. They did have good bass, but the anc barely worked. I liked them at a lot at first, but they fell apart so quickly.Then I saw that apple had brand new beats headphones, and were 30% off on Amazon. I had to try them, the nostalgia hit hard and Iâ€™m so happy they didnâ€™t change the iconic design from the studio 2s which I also liked as a replacement for my solos. I. Am. Floored. Super lightweight yet feel very solid and no creaking, apple integration features (i consider no auto switching to be a plus tbh, but icloud pairing is a must. Works very well with Apple TV), but the sound! Is so FUN. Itâ€™s like Iâ€™m in a concert hall with huge racks of speakers and towers of subwoofers. So much better than my old beats, by a landslide. Great instrument separation, and decent soundstage, sounds less like a wall of sound like my pro 2s do but not as wide and spatial as the max. A little bright for my taste, but never enough to cause fatigue. None of them come close to the 770s of course - would I recommend these for classical? Or acoustic? Never. Or for any type actual professional work? No. But if you like electronic, you will have so much fun enjoying music with these. The ANC and transparency is very very good, identical to my AirPods Pro, I would argue maybe even better than the max in some situations. The mic quality is good, not as good as my AirPods but good enough for work calls. I also love watching movies, and having multi-channel support like my pro 2s is epic. I absolutely love these - and am so happy I got them!","Reviewed in the United States September 7, 2023",AEUHSKBV2ADJTTXVB55RN7UQQZTA,True,359,Color: BlackStyle: Studio ProSet: Without AppleCare+
R2TKWVR4L10Q0W,B0C8PR4W22,5.0 out of 5 stars Very good and an honest review,Jeffrey K.,5,"I bought my beats studio pros (blue) as my old Bose Headphones died. Bluetooth linked perfectly to my devices. There is some audio lag (latency) if watching video (similar to all other audio devices I've used). I personally love that it comes with a 3.5mm audio cord. I used that to watch video on my computer. It saves battery and with the cord there is no latency. Sometimes it is just nice to have a corded headphone. Without the cord, the bluetooth range is pretty good.Sound quality is very good and I am most impressed with its ability to do DOLBY ATMOS. Make sure the content you are listening to is formatted for ATMOS and that your phone/device has atmos turned on. It makes a big difference. Bass sounds good and deep but maybe a little less than expected for Beats. Volume turned up loud did not make crackling noises or become distorted. Battery lasts a decent amount and nice to recharge by USB (goodbye batteries!). Noise cancelling is pretty good too and with audio playing it gets rid of any outside noises.Some people complained about the comfort and their ears hurting. I have not experienced this. The ear pads are pretty soft and your ear (mine at least) fits INSIDE the padding verses ON my ear. I can wear for hours and have no issues.Overall a well made product that sounds great for $200 (Deal Price). I'm happy with it and my beats studio buds!","Reviewed in the United States April 12, 2024",AEKNOXKFYEIDCUI3EPV3XUTZPHBA,True,37,Color: NavyStyle: Studio ProSet: Without AppleCare+
R3RSUGFYRCGKOF,B0C8PR4W22,"5.0 out of 5 stars Great Sound, Good Quality.",Spazzola,5,"Well, after having lost one of my AirPods (gen3) and not being able to justify purchasing a replacement left pod for $90, I started doing research.I came across these beats studio pros and looked at their stats. 40 hours of play time? Probably the most enticing thing about them to me. Then came the active noise cancellation, and spatialized audio. ANC intrigued me. I wanted it to be better than the AirPods at cutting out sound. While I was looking into these I happened to be doing it during Black Friday deals. Which meant I thought they were $170, which was the price of brand new AirPods. Then I saw their original price of $350. Which enticed me even more in a way, thinking of the price tag fallacy, higher price must mean quality. I mulled this over and over and eventually ended up missing the half off sale. Then I knew I wanted these babies. I watched and waited for a sale to come up again. I was not willing to pay $350 for wireless headphones, as I am not willing to pay $350 on just about anything, but thats just me. For me, $179 is splurging significantly. I caught another sale. I bought them and hoped for the best.I will have to be honest in saying I was hesitant to stray from AirPods and move over to headphones. The less I have on me the better, so having something sit in my ear rather than over my head appeals to me. But having my device constantly slip out of my ear or feel unsecured was not enjoyable. Thatâ€™s how I lost my left AirPod in the first place. These headphones feel sturdy for me. I was pleasantly surprised. Although I still did not particularly care for a bulkier heavier device, I did appreciate their securedness. They do eventually make my ears sore but I usually just adjust them. I will not count this against them because every pair of headphones I have ever owned eventually made my ears hurt or gave me a headache. Im sensitive what can I say? The padding on the top band that goes over your head was a nice touch.The ANC is powerful. I loved being immersed in my music. I have no complaints really.Spatial Audioâ€¦ I personally could care less about it, so I donâ€™t have much to say about it. I just donâ€™t use it as a personal choice, not saying it isnâ€™t good.The sound quality seems adequate to me.The volume is pretty great, I never have to have it all the way up to get clear sounding audio or to feel like I can actually hear something. Which with my AirPods was a constant problem.The mic on these, I am thoroughly impressed with. Compared to my AirPods, its like award winning lol. People on calls usually canâ€™t tell I am using a headset at all.Iâ€™m not sure how long it truly takes to charge them, as I havenâ€™t charged them from dead to full yet. I imagine from the little bit of charging I did do when they first arrived they will take a little bit, but to me itâ€™s worth it.Overall, I feel my money was well spent on a good product. I got a better bang for my buck with these beats than I did with my airpods. The compactness of AirPods are nice, and I like a compact item so having a larger device is something to get used to but I still think itâ€™s worth it.","Reviewed in the United States January 15, 2024",AFGMDHUXSF76BWEEVF5IAL7E6NKQ,True,62,Color: NavyStyle: Studio ProSet: Without AppleCare+
R19726D1M2NGAW,B0C8PR4W22,"4.0 out of 5 stars An expensive, high quality headset with some pros, and some strong cons to consider.",Weaveâ„¢,4,"Beats has been around for quite some time, and has developed a good reputation alongside Bose, Sony and others. So I was excited to try these out - especially after my experience with Anker.PROS: the sound quality is very good. Not Bose good, but close. Close enough for airline travel. The headset rests on my big head with no issue and the pressure from wearing them isn't uncomfortable.I like the Transparency mode, especially when travelling, so I can hear the crew announcements easily.I also like that it comes with a 1/8"" audio male-to-male cable for use on airlines with traditional audio jacks.And - controlling the headsets using my iPhone is a nice feature.CONS: The perceived air pressure on the eardrums from full noise cancellation is STRONG. Almost uncomfortably so, and you'll see similar comments from others here in the Reviews section. It takes getting used to. I almost sent these back, but in the end, the pros outweighed this issue. You may find it too much for you.Expensive: these are pricey, and if you're going to drop this much coin, you should at least try the Bose QuietComfort cans first. While they'll lack the iPhone integration, they may end up being more comfortable for you.Bass: ummm - where IS the bass? These are Beats, right? Studio Pro edition? I'm not really getting the lower frequencies here. Maybe I missed a step during setup. The sound quality is good but I thought a lot of Beats' reputation was based on the bass.All in all, I mostly don't regret my decision. But definitely try more than one model before you decide for sure.","Reviewed in the United States March 10, 2024",AE66YM6J42DY23ARCZVC74NSZSAQ,True,88,Color: NavyStyle: Studio ProSet: Without AppleCare+
RES90N3UIN1OY,B0C8PR4W22,5.0 out of 5 stars Worth it,Erica ðŸŒž,5,"I was looking for heavier headphones to wear while working out. These work great, I can bend over and they wonâ€™t slip off. They were pricey but worth it in my opinion. Sound quality is top tier, battery lasts a few days if using a few hours a day. They do suction to your ears a bit so my ears are tender after wearing them for over two hours but itâ€™s still mostly comfortable.","Reviewed in the United States June 7, 2024",AGRW3MRCTLBBRFXD5UCXWMIJKMEQ,True,4,Color: SandstoneStyle: Studio ProSet: Without AppleCare+
R3DRKG1RCX4FWA,B0C8PR4W22,5.0 out of 5 stars Attractive - effective,Art W.,5,"I was wary about a rapper recommending headphones to me, a melodic musician. I bought on sale with the fear I'd have to return them. Surprisingly, they are excellent; the sound, including bass response is rich and vibrant without the curse of booming bass. I wear hearing aids behind my ears and the cups fit over them very nicely, boosting the sound as needed with earpiece controls. They are also very attractive and fold into the included case for carrying. To nitpick: the ear cups could be a bit larger but suffice. An excellent product!","Reviewed in the United States June 29, 2024",AGOVEJJB6MHSPSQU6YHLLWXNB32Q,True,0,Color: SandstoneStyle: Studio ProSet: Without AppleCare+
RDHOFA7MKRYPL,B0C8PR4W22,5.0 out of 5 stars THEY DESERVE NEGATIVE STARS,Warning Please Read!!!,5,"Please read this review if you are thinking of buying g these headphones!!!!! They are on sale for a reason, and itâ€™s not because they are good or even meh. I compared them to my old Studio 2â€™s from 2013 (11 years old) and they are horribly different.I had high hopes for beats since I use the fit pros, and boy was I disappointed. More than disappointed I was let down. I still have my Beats Studio 2â€™s from 2013 the silver titanium color way, and Iâ€™ve loved every minute of having them because of the loudness and club-like thump they have to them. They are relatable to one of the cars that passes by you with the windows shaking because the bass is so hard. Especially after 11 years that they still work and function the same as they did when I bought them minus a few cosmetic defects. So with high hopes and promises that these Beats Studio Pros would be just as great, I ordered them and got the maroon color because I liked the color. I should have known that if the colors have to be nice to make up for how awful the headphones were I wouldnâ€™t have even glanced at these.These headphones are great if you want to listen to something and you have a hearing aid so it doesnâ€™t hurt your ears. The sound is not nearly as loud as the 2013 model and being 11 years old I was very surprised. Apple has ruined the name Beats and all of their headphones minus the earbuds since all earbuds are relatively the same(I have the fit pros now and they are great) but the fact that brand new headphones canâ€™t outperform 11 year old ones is just sad. Disappointing. A let down. I was thinking the new model would be the same if not better than the old ones I have since the treble and mids may have changed in the time Iâ€™ve had the headphones but I was so wrong. They sound almost the exact same with one major difference. The bass. The one thing that I feel most people loved about Beats was the bass and how it would sound like you just walked into a club when you wear them. I was utterly distraught. The studio pros on Bluetooth were so bass negative I thought I didnâ€™t have the volume all the way up. Once I realized I did I thought maybe it was just the fact I wasnâ€™t using one of the â€˜3 specialized audio modesâ€™ that the new model has. Even there I was let down. I played different songs, tried different audio settings on my phone like bass boosted and acoustic and rock but none of them helped the headphones. So after all the thoughts that went flooding through my head, one thing stuck out. Apple had ruined the classic Beats headphones. Donâ€™t get me wrong the sound of the treble and mids was fine but still nothing compared to an 11 year old model. I was highly disappointed overall and would not recommend these to anyone even if they have an unlimited budget. It is just not worth the letdown.","Reviewed in the United States March 28, 2024",AFDOLKER2GHNCK53GDAR2YNQPMVQ,True,74,Color: Deep BrownStyle: Studio ProSet: Without AppleCare+
R2UXJLAZR33T40,B0C8PR4W22,4.0 out of 5 stars Same Headphones for same price at Apple; Purchase AppleCare Plus for $29 from Apple,Amazon Customer,4,"I love my new Beats. I gave it four stars because I keep getting disconnected from my phone. I will update the rating if I figure out why and can correct the dropped calls. I will contact Apple support when I get a chance.This review is being written regarding AppleCare Plus. Huge suggestion: Buy AppleCare Plus directly from Apple for $29. Save yourself the hassle! Also, I recommend checking the price. I just purchase the Beats Studio Pro from Amazon for $179. Regular price was $349. Apple is also selling them for $179 as today, 6/16/24. I'm writing this long review I. Case it helps in regards to purchasing protection. I wanted to understand why AppleCare Plus was rate 4 stars instead of 5. I've had it and have it for several products and have always been highly satisfied. After reading nearly all of the 1-star reviews, the same message stood out- DO NOT PURCHASE APPLECARE PLUS FROM AMAZON. I decided to forgo reading the 5-star messages from approximately 64% of the customers, and just heed the message to purchase directly from Apple. Below is my experience in doing so. Again, to be fair, I cannot review the process for purchasing this plan through Amazon because I did not do so -I just wanted to avoid any hassle.I spoke with 3 different people from Apple's support team- one person via chat and two people on a phone call. All three people were extremely helpful, friendly, and made sure they did everything to help. It took nearly 45 minutes to purchase because the problem was my purchase date showed up as April 15, 2024 versus the true purchase date June 14th, 2024. The chat agency tried to change the date and it took down. Despite her efforts she was unable to change the date on her end so arrange to have someone call. A support person called, I missed the first call somehow,contacted the old chat message asking for a new call time. The support agent happened to called back anyways and the chat agent had also arranged a new call. So helpful on both ends. After speaking with the support person, he had to get additional help because again, the purchase date was not showing up. The last young lady I spoke to was able to work magic on her end and set it up where I was finally able to purchase AppleCare Plus for $29. I am highly satisfied with the support I received from Apple and I have peace of mind knowing my headphones are protected for 2 years! Next time, I will purchase products directly from Apple if the price is pretty much the same. This way, I can easily add AppleCare Plus! Had I checked before hand, I would have seen that Apple was offering the headphones for the exact same price as Amazon.","Reviewed in the United States June 15, 2024",AEL3YFH2XJPGWP5J3F4I2KFB5KCA,True,0,Color: SandstoneStyle: Studio ProSet: Without AppleCare+
R2XAKEZ1YV6ZXY,B0C8PR4W22,5.0 out of 5 stars Mom necessity,AlyssaBentley,5,"If you are a stay at home, mom like I am you definitely need these. I use these every single day without fail. Normally, I would not spend the money on these because they are expensive, but my husband bought these for me as a gift and they are the greatest gift ever. Use these normally when I go to the gym to tune out to any clinking weights and just so I can focus on my music or podcast. But the game changer is when I use these for daily chores while my kids are napping. I can still listen to music that I want, and listen to a podcast WHILE I am vacuuming and I donâ€™t miss a thing. These are also great when my husband gets home from work and Iâ€™m trying to put dinner together together. I put these on and I can tune out the noise and the kids so I donâ€™t go insane. The noise canceling on these is perfect. These are definitely worth the money in my opinion and also a great Motherâ€™s Day gift or birthday gift for an overstimulated mom.","Reviewed in the United States July 2, 2024",AH3VYDJ3HII3MIMZOXN6HWTFIIZA,True,0,Color: SandstoneStyle: Studio ProSet: Without AppleCare+
R3REKPIFS6TC75,B0C8PR4W22,4.0 out of 5 stars Review And Comparison To The Sennheiser Momentum 4,vladislav grutsenko,4,"Highs: Beats > Sennheiser.High frequencies are good in both headphones, but Sennheiser has them more emphasized. Sometimes it feels like if you crank them slightly higher you're gona hear sibilants. It's on the edge and this is not the most pleasant edge to me. However, the sound is accurate and somewhat distinctive in the upper-frequency range for the Sennheiser. As for the Beats, highs are as detailed as on the Sennheiser (if not more) but not overemphasized.Mids: Beats > Sennheiser.Sennheisers have a so-called v-shaped sound profile so it feels like Beats have way more mids. It might be even too much at first, but you get used to it. Beats are more detailed and fast. Sennheiser feels muddy in comparison (but still very precise and detailed compared to Sony and Bose). I think it's partially because of overemphasized bass that brings distortion into the mid range. You start hearing things that were not originally intended to be there by artists. Because of this, Sennheiser sounds more ""musical"", it fills the voids between the instruments and produces an overall ""dense"" sound. And the Beats have more reference sound. For many instrumental tracks (rock, metal) Beats might sound boring and hollow. I can't blame the headphones because such music is usually mastered to sound good on consumer electronics. And you can't put good ""dense"" sound into an average stereo system. It will sound too muddy and.. just bad. So they leave the voids between the instruments and try to separate them. But on a reference headphone, this sounds... well... too reference :)Electronic music is a completely different story, this is where Beats shine! Electronic sounds are way more precise. And with Beats, you get this precision (especially in the complicated EDM tracks; I mostly listened to psytrance, psychill, idm, etc. But an average techno/trance sounds good as well). Sennheisers sound fine too, but only until you compare them with Beats.Bass: Sennheiser > Beats.The Beats are precise, again, and so is the bass. If the bass was intended in the music that you listen to - you will hear it. And you will hear exactly as much as it was planned by an artist. Rap songs sound great because of that, as well as some EDM tracks with massive sub-bass. As for the Sennheisers, well, they are v-shaped still so they add a subtle amount of bass to the overall mix, and in most cases, this sounds fine and even fun. It also comes without surprise that in bass-heavy rap songs, it starts to sound too overemphasized. In terms of precision, Sennheisers are not as precise but still hold their ground well against sony/bose/etc.Soundstage: Sennheiser > Beats.Soundstage feels subtly more open on the Sennheisers. Probably this is because they are not as precise and produce more ""parasite"" harmonics that make instruments sound further from your head. I like this effect but this makes me wonder if it's possible to achieve a good soundstage for closed headphones without compromising the sound speed and precision.ANC/Transparency: Beats > Sennheiser.Beats are slightly better in noise cancellation and noticeably better in transparency mode. Not as good as AirPods Max, but kinda close. Sennheiser is not bad though, it's just not as good. Wind can be a problem for both headphones, but I don't care. Beats are better at blocking fan noise but may overemphasize it in the transparency mode.Mic: Sennheiser >> Beats.Sennheiser microphones are superior both in terms of volume and quality. Beats is really mediocre, on the edge of what I would call ""usable"" for the zoom meetings. On top of that Beats mic sounds really quiet in Windows 11 rendering itself useless. I hope new firmware/drivers will fix that.Ergonomics: Sennheiser > Beats.I like Sennheiser more. Beats have smaller earcups with stiffer ear cushions. Also, the clamping force on my average-sized head is obnoxiously strong. Not to the point when I feel a headache after wearing them for a few hours but still too much in my opinion. However, I like the fact that Beats are more compact. It makes a difference when I listen to them in bed, for example. They don't rub as much against the pillow and don't produce a lot of noise like Sennheisers.Sennheiser ear cups are rotating 180 degrees when on the Beats, they barely move. This is important if you want to move one headphone back to open your ear when you need to listen to somebody or something from the outside world quickly. Or if you're a DJ and need to hear monitors with one of your ears :). Sennheiser earcups pivot and stay perfectly adjacent to your head, unlike the Beats.Connectivity: Beats > Sennheiser.Both headphones are ok when you're near the source, but the Beats stay connected longer as I walk away from it. The usable distance is like ~30% longer. They also perform better for a source behind a wire mesh or a security door. I know that Sennheiser is capable of working with 2 devices simultaneously and this works pretty well. Not sure about the Beats but I don't really care...Controls: Beats >> Sennheiser.Beats are very basic. They don't even have a head detection. And this feels soo good after the glitchy Sennheisers! You can read more details in other Sennheiser reviews, but they are really bad in that aspect. I bit the bullet and used them as my daily drivers, and oh boy... settings were getting changed randomly, I had tons of fantom head detection events, and when I wanted to put them on or off I almost always accidentally touched the right earcup sensor and triggered something (usually play/pause).","Reviewed in the United States July 22, 2023",AHW6Y7QXQTDZZQHKFGWJCKTN66BA,True,257,Color: BlackStyle: Studio ProSet: Without AppleCare+
R2729FJR4G6NTJ,B0C8PR4W22,5.0 out of 5 stars What a nice surprise,Alejandro Mosquera,5,"Nice Suprise: however its a BEATS so was awaiting 5 stars headphones, i was at the beginning on a doubt as they were mixed review on comparison to the BOSE QC, was thinking on Bose, but saw this one on a 49% so i could not miss the chance. First of all the great premium package, and the bag they bring is great. I have NEVER worn a headphone that has this sound quality, i was amazed the first time i tried them. SOUND IS CLEAR on the iPhone is everything so smooth, has automatic sync, has spatial audio, basically is a surround sound on your ears. Amazing technology for the price. My family once they tried them their reaction was priceless.So yes would i spend 400$ for this or more, definitely yes, it's a win win!, will update as i need to try them at the gym, but I'm sure they will be to notch with the ANC they transport me to pleasant land. Adding this to more focus on the outdoor activities.Hope this review is helpful for you.","Reviewed in the United States June 15, 2024",AEEX3O5DPQDWLI6UGKDWW7G5MRZA,True,0,Color: SandstoneStyle: Studio ProSet: Without AppleCare+
R2QYEYZUHZ8BFS,B0C8PR4W22,4.0 out of 5 stars Canâ€™t hear my high quality headphones,Perry,4,Is it crazy to love everything about these $180 headphones but the sound? The volume Is trash. They are beautiful they look great. Comfort is about an 8 out of ten but I can hardly hear because the volume is very low. Am I missing something? Maybe Iâ€™m doing something wrong but if it is what it is than it is not very trustworthy to sell a product that doesnâ€™t do the most important thing it was created to do. Besides the fact that I have to sit in a quiet room to actually hear on them. Is that part was different this product would get a definite 10/10 from me because the sound is crisp. The all around quality of the product is very high all the way down to the box and zipper bag it came in. The texture of them is so comforting I love it but I am definitely conflicted*update-It did get better after I plugged it into my device. Pairs easily with all my devices flawlessly. That sound changes depending on what I am listening to but I still feel like it is kind of low but I donâ€™t regret my purchase,"Reviewed in the United States June 17, 2024",AHWIHJGTDPZOR3BH5AVSS7OVHNOA,True,1,Color: SandstoneStyle: Studio ProSet: Without AppleCare+
R3564JH9C37XMR,B0C8PR4W22,"5.0 out of 5 stars They are not pretty, but do get the job done",Guard,5,"These headphones are brown. Not very attractive, but they do an adequate job at cancelling outside noise and they have excellent sound quality. I am a music snob and I work from home. My wife also works from home and we have two teenagers that are either playing or bickering constantly. Putting on these headphones with white noise, jazz, or some other style of music allow me to completely detach from whats taking place at home and focus on my work at hand. Also, I can participate in conference calls and video chats with ease and without interruptions. When I need to practice (I am also a musician) I plug in the cord (included) to my Nord Stage 3 88 keyboard (essentially an electronic piano), and I am still oblivious to what's happening around me. Occationally, like when I have something cooking in the oven, I have the headphones on ambient mode and I can clearly hear timer in the kitchen go off. It is worth the buy if you catch it on sale. Again, they are not very attractive, but I sam good with that","Reviewed in the United States June 7, 2024",AHYDYKWGSHMRGNL5RQR6XLGGSZYA,True,0,Color: Deep BrownStyle: Studio ProSet: Without AppleCare+
R1HAR6IQABGEHG,B0C8PR4W22,4.0 out of 5 stars Overall not too bad I guess,Ashley M.,4,"I'm a stay at home mom and I was given these (my request) for mothersday. I'd like the highest level of noise cancelation to be better. I can still hear my kids when it's on, not as well as when it's off but I expected it to be better because of the price. But I enjoy there are different setting so I can hear all background noise if I need to. Sound quality is good for me. These are lacking on bass I enjoy some bass in my music so these really didn't meet that expectation. They are a bit tight like other people have said people with a larger head or ears might find them uncomfortable but I have smaller ears and head so it's good for me. The padding around the ear piece is very soft and comfortable. The padding on the head band is giving anti slip vibes but being anti slip it does pull hair a bit but it is soft and I don't feel like they are going to slide off my head if I'm moveing around. I haven't taken a phone call with them yet. Connecting to my android was extremely simple. Overall a good value for the price especially since I bought mine on sale but if you are looking for something that drowns out the entire world when you want a moment of peace maybe go with different headphones. If you don't mind hearing some noise all the time and just wanna drown out smaller back ground noise, have a small head/ears, enjoy a little less bass then these are great for the price.","Reviewed in the United States May 16, 2024",AHGBWUQCNMQ2NZBJ4ZPFFNHVNCTQ,True,1,Color: Deep BrownStyle: Studio ProSet: Without AppleCare+
R2G4POD44UHZ,B0C8PR4W22,4.0 out of 5 stars Good soundâ€¦lackluster build quality,Namraw Luap,4,"Sound pretty good, definitely bass heavy, wish the highs were brighter. Bluetooth works well but will randomly switch to my iphone handset when on a call. Left earcup clicks when my jaw moves like when chewing or talking, have to make slight adjustments to where that ear cup is on my head to resolve the clicking when it happens. It is a physical issue with where the ear cup meets the band, I assume at the pivot point, causing the clicking that Iâ€™ve read many others have experienced as well. Disappointing for the price and being an Apple product but overall still decent and much cheaper than airpod maxâ€™s if you want a set of affordable over the ear headphones that play well with iOS.","Reviewed in the United States July 2, 2024",AHLXPJMU2VWR7M4WSMJ7P373EOJQ,True,0,Color: BlackStyle: Studio ProSet: Without AppleCare+
R3JIPAMQMANNYP,B0C8PR4W22,"5.0 out of 5 stars Clarity in sound, Comfort on head, Connecting Devices",Floweringplum,5,"These headphones are nicer than I expected. The cushioning is a very high grade plastic which is comfortable when the headphones are being worn for hours at a time and they are secure. I wear eyeglasses and I use these headphone when I am on my laptop watching a movie or videos on Youtube. The area where the eyeglass arm rests does not hurt but my ears will get warm and I take the headphones off for a few minutes to let the air circulate at the ears to cool down, this for my use is the only negative. Otherwise these are a nice upgrade to the $60.00 or less headphones. I was able to use bluetooth to connect to my Apple devices. However, I have encountered a snag to be able to connect to my Samsung tv that is connected to a wireless soundbar which I am still investigating. In the meantime I am enjoying and glad I purchased these Beats headphone and they were marked down making them a good deal. I would recommend and give as a gift. There is a lighter weight more recent version of these Beats at a lower price. They don't have the cushioning but area good alternative for sound quality on a budget.","Reviewed in the United States May 20, 2024",AEUHCNL2RQKWJUEH53Q22LROFYUQ,True,0,Color: SandstoneStyle: Studio ProSet: Without AppleCare+
R1ZIL7NRW1YPUG,B0C8PR4W22,5.0 out of 5 stars Sound Quality 9/10 + Call Quality about 6 or 5/10,Dominic Carney Jr,5,"The Beats Studio Pros sound quality, is only a slight. But very noticeable have better sound quality than the AirPods Pros 2. The other good thing about these, these can last for 40 maybe 40+ hours. Either way, these are amazing. The only downside about the beats studios pros, is the phone call quality. Its a major step down, from the AirPods pros 2. Also, when trying to connect these to the PS5, PlayStation wireless bluetooth functionality seems to only be limited to their only products. And sadly not third parties accessories. So for the Beats Studio pros, Id recommend still get them. And if you workout, want some headphones in the gym? Get the beats studio pros fellas. ðŸ¤˜","Reviewed in the United States June 23, 2024",AEZTL2476KSWYMVER7BHTPIL3U4A,True,0,Color: BlackStyle: Studio ProSet: Without AppleCare+
R2VYKGKX77JLW5,B0C8PR4W22,5.0 out of 5 stars Great cans but can't touch Sony,Joshua,5,"I really like these headphones they're a lot of fun, light, stylish... although if the ear cups were any smaller it'd be different but fortunately I'm right on the cusp; if I tuck the top of my ears in. At any rate, they're comfortable enough for a two hour session which is what I need.The sound is pretty great compared to most headphones in the range. I bought the Sony XM5'S and I have to say these can't touch those. I like to have top quality since I'm a bit of an audiophile but I think these would be fabulous for the average music junkie.","Reviewed in the United States June 21, 2024",AHLS35WNHVZVHZO43MZGD2E2RXPA,True,0,Color: SandstoneStyle: Studio ProSet: Without AppleCare+
R3NCUZ0TG8Y5S1,B0C8PR4W22,"4.0 out of 5 stars Overall nice, not completely noise canceling unless music is on at certain level",jacqui kaul,4,"Nice product, doesnâ€™t hurt when having it on for extending periods of time. Good noise canceling quality depending on the volume of the music you listen to. If you are streaming shows, you can still hear things in the background. When I first got them I was disappointed that I could still hear things with them on. I was hoping for more noise canceling power but with music playing, noise in the background isnâ€™t too noticeable. Comfortable to wear for extended periods but initially takes a bit for the headphone to break in. Stiff intially and may be uncomfortable initially. After a few uses, it fits better. I have a piercing in my ear cartilage and it doesnâ€™t irritate it.","Reviewed in the United States June 16, 2024",AE7RBYO2AZ4YPC7XO2MXYTSPX4XQ,True,0,Color: NavyStyle: Studio ProSet: Without AppleCare+
RVVQFUZGDLB60,B0C8PR4W22,"4.0 out of 5 stars Best sound i've found yet, but more fragile than glass",H,4,"I've tried several brands of headphones and returned them right after, these have much better sound than the previous king, my Razer headset. However my pc setup with my cord, as my pc hates bluetooth, always gets caught in the chair, wasn't a problem with the Razers, as they could probably take a hammer without struggle, but the left side's casing was toast.Now I'm sitting with a weak stereo and no bass, floppy and most definitely no longer soundproof left ear. You'd expect there to be more than thin plastic holding the shape together but nope. tried repairing at least the completely broken off left ear (i kid you not the only thing holding it together is the CORD) to no avail. all from a short drop? if apple care screws me over one more time..","Reviewed in the United States June 5, 2024",AFXT4A5RDNNKGC2LPWT6Y6WNTX2A,True,0,Color: BlackStyle: Studio ProSet: Without AppleCare+
R2DQA63PBC1WMY,B0C8PR4W22,4.0 out of 5 stars I finally got REAL beats....and they are AMAZING!!!!!!!!!!!!!!!!!!!!!!!!!!!!!,Chris Wagner,4,"I have a hard time with earbuds as I have trouble keeping in/on ears always fall off./out due to small ear canals.... lol so i need over the ear headphones and I always wanted a set of Beats by Dre for years, but did not have the resources, so i bought the knockoffs they were ok but, sounded crappy....... i saw these on sale for $180 so i dropped the hammer and got them, and SO glad i did, the sound is amazing, you will hear most of your favorite songs differently....so crisp and clear the bass is not overpowering, but if you play a song with bass they will surprise you... I am so glad i got these as they are the best sounding headphones I have ever owned, A+ sound/clarity/noise canceling these are great headphones for the money, do not wait, these are almost perfect.....I do not use the call features, so i can not rate that part of them","Reviewed in the United States May 20, 2024",AEVRVEGSWF7JUTHVIGXKH2CHYLGQ,True,1,Color: NavyStyle: Studio ProSet: Without AppleCare+
RYLG6RJ96WQDZ,B0C8PR4W22,5.0 out of 5 stars Wonderful quality!,Donovan,5,"I've used ear buds more than anything, and I've had issues with them staying in while working or at the gym so I decided to go for these, and I gotta say the sound quality is fantastic and the battery life is great! I easily get 40 hours of battery and the level of control the beats app provides is pretty awesome, for a refurbished product I'm very impressed!","Reviewed in the United States July 3, 2024",AHN2E57QMF22CD4YOQYOF7IRYWJA,True,0,Color: BlackStyle: Studio ProSet: Without AppleCare+
R3C9Y77W5XCALI,B0C8PR4W22,4.0 out of 5 stars The name speak for itself,tfearrin,4,"One of the things that makes these headphones stand out is sound quality. Typically it isn't easy to amplify all sounds at the same level and get clarity. Beats headphones have conquered this feat just like Bose. The noise cancellation filter is of good quality, canceling outside noise to bring clarity to high frequencies, midrange frequencies, and bass frequencies. This quality product will last but must be handled with care; support is available for troubleshooting if needed by Apple. The convenient Bluetooth feature allows connectivity to any smart device. In addition, the app allows control of the sound as desired. Beats headphones can be on the costly side, however, realize that you are getting quality and a product that will last.","Reviewed in the United States June 4, 2024",AHPQQYBJQABAPUAVD4L3LEVH7JJA,True,0,Color: NavyStyle: Studio ProSet: Without AppleCare+
RZGEO464CSXFR,B0C8PR4W22,4.0 out of 5 stars Amazing product for the price,Eric,4,"After using the best studio pros for a while, I can definitely say that these are basically the Apple AirPod maxâ€™s but for a quarter of the price which is an amazing deal for the quality of headphones you are getting.Apple owns Beats and you get most of the features as if having AirPods and the accessibility of using them with iPhones . If you have an iPhone and pair it with the Beats Studio Pros, they will automatically pop up on your phone to connect like aipods do. Some of the same features include: being able to switch transparency/noise cancellation mode through your control center on your iPhone, Spatial Audio, Apple chip, ect. It is also lighter than Apple airpod maxâ€™s which is a huge plus for staying on your head. It includes an easy control system on the left ear on the headphones to allow you to play/pause, skip/go back, volume up/volume down, accept call/end call which is nice to be able to change the volume on the headphones which is something AirPods canâ€™t do. They are very comfortable and sort of glue to your head and ears. You can adjust the headphones to fit to your liking as well. The color ways and the matte accent makes these headphones look slick to wear and overall they took out some small Beats decals on the previous headphones to make it look clean.Some flaws I have for the headphones are 1. That when you take them off your music will not automatically pause. This makes you take a small little step in either pausing the music on your phone, through the headphones, or continuing to play the music. I like how on the AirPods they automatically pause when you take an ear bud out so I wish these headphones did the same especially when Apple owns them. 2. They could be a tad louder. Donâ€™t get me wrong, they are overall loud headphones but you have to get over half way in the volume to notice a loud change. Below halfway seems too quiet to me personally. 3. The case it comes in is slick, but the zipper design is annoying to get the headphones in and out of the case because the zipper hole is too small. Also the case is soft shelled and not hard so itâ€™s not as protective as I want. 4. Itâ€™s a fingerprint magnetOverall if you are looking for high quality Bluetooth headphones, these are the best bang for your buck. Yes there are some flaws to this product, but the price is too hard to beat. These easily are the same audio quality as the airpod max if not better at quarter of the price. The design of the Beats Studio Pros have a better design than the maxâ€™s so Iâ€™d definitely suggest getting these if you want to save money.","Reviewed in the United States January 13, 2024",AGNFNGIJ4UL3ZZAKLWLBZ4BGPDMQ,True,8,Color: BlackStyle: Studio ProSet: Without AppleCare+
R69R6ODYZER5R,B0C8PR4W22,5.0 out of 5 stars These are genuine Apple headphones!,IndianaHappyTraveler,5,"I had been delaying buying new headphones that can work with my new iPhone which no longer has an outlet to receive the connecting wire from my Sony headphones. When these went on sale at a fantastic price, both I and my husband bought them. (We are betting Apple will soon update these and have some feature we wish we would have liked, as that has happened to us before!) In any case, the headphones we packaged and shipped promptly after ordering, and arrived in perfectly new condition, and were the exact set I expected. There was 80% charge at delivery. The cord to charge was included, but I had to raid my old iPhoneâ€™s charger to actually plug it into the socketâ€”be aware that the charging portion is NOT included in the set. This is not a big deal, as we have several chargers from older Apple products. But if you do not have Apple products, you will need to buy a charger. Both my husband and I are pleased with our new headphones and experienced no problems with the purchase and delivery of our new headphones.","Reviewed in the United States May 8, 2024",AHL4MFR3WENULW7ZR2EWB2GMTUEA,True,1,Color: NavyStyle: Studio ProSet: With AppleCare+ (2 Years)
R24MV8Y4LOTJW3,B0C8PR4W22,5.0 out of 5 stars Not a headphone professional but...,casi mills,5,"I'm not someone who knows what the best of the best is but I love these! I got these because they were one of the more affordable bluetooth headphones with pretty decent reviews (and they were on sale too). I love them! They have pretty good noise cancellation when wearing them (you can still hear some things but not so much so that it's distracting if you're trying to focus on something- working out, working, etc...) and the sound quality is pretty good. They're also pretty comfortable on my ears (they do fit good inside them though so they aren't squishing them- I'm not sure how comfortable they'd be if your ear doesn't fit inside them). They can get uncomfortable if wearing them with earrings but that's a given. All in all definitely worth the buy :))","Reviewed in the United States May 26, 2024",AEEA6TD25YHCBKT4BJT3UJ4UFYRA,True,1,Color: SandstoneStyle: Studio ProSet: Without AppleCare+
R3C16TQPEHKNNS,B0C8PR4W22,4.0 out of 5 stars Great sound,Kristipher,4,"I love these headphones, the battery lasts forever, and the sound quality is really nice. I bought these for use in the gym and cannot go without them, they fit so well and adjust to my head shape. Theyâ€™re pretty lightweight and donâ€™t really feel them when Iâ€™m working out which is nice.I fear for the durability of the headband that holds the ear pieces together, it feels a bit flimsy, but it could be okay.It has a pretty high range, I can leave my phone at my machine and walk to grab a wipe and it stays connected the whole time.Iâ€™m extremely happy with this product and would purchase this again if given the chance.","Reviewed in the United States June 1, 2024",AHQKEQ3Y5F5QIESMPB7GM3TCH43Q,True,0,Color: NavyStyle: Studio ProSet: Without AppleCare+
RIL36JJP7VGFC,B0C8PR4W22,"4.0 out of 5 stars Great, but one major flaw",1 spicychef,4,"Let me start off by stating what I don't like about them.The headphone input jack is recessed, so the 3.5mm headphone cable I just bought for my guitar amp won't fit into the hole. For being ""studio pro"", this is a big downside.Trying to find a 25 foot cord that will squeeze into that hole will be a hassle for sure.Other than that the only other downside is that switching between ""eq"" settings requires you to use a double ended USB C cable and I'm not sure if that only works while listening from the cord connected device.They sound good and are comfortable though.Id be way more upset if I paid the full 350 dollars for them.Luckily I got them for half of that, so I suppose I will have to make due.","Reviewed in the United States May 18, 2024",AGMKVZMDNH6AQI4UCDPNDKO6PJMQ,True,2,Color: Deep BrownStyle: Studio ProSet: Without AppleCare+
RTHIK4B0U8KXP,B0C8PR4W22,5.0 out of 5 stars Better than expected,hhoffa,5,"Everything about these are perfect so far. They cover the entirety of my ears so they don't press on the cartilage causing pain (especially since I wear glasses). They have 3 settings for sound, ""noise cancelling"", ""off"", and ""transparency"". The noise cancelling still lets sound in when nothing is playing from them, but when something is playing you can't really hear anything outside unless it's super noisy. Off makes it be just like a regular pair of headphones, and transparency is actually pretty amazing- put them on, nothing playing, and in this mode you can hear everything almost as perfectly as if you didn't have them on. When music is playing you can still hear some stuff from outside, but you still have to pause it to hear what someone is saying though.I bought an off brand pair of headphones for $25 in October and the pairing and ease of use was actually kind of complicated. BUT THESE. These are so simple, I love it. They also connected right away.My only gripe is maybe it could stay on the top of my head better, but I think that's because of how fine/thin my hair is and everything just falls off it. It's great that it's smooth, but because of it, even the gripper thing on the head part can't compete with my hair ðŸ˜‚(I own an android and forever will, these work great with them despite being an ""apple product"")","Reviewed in the United States April 16, 2024",AHZFNBRVXADZFCDDK3RTOOR7TL2Q,True,3,Color: BlackStyle: Studio ProSet: Without AppleCare+
RLFKG1HS6OMMN,B0C8PR4W22,4.0 out of 5 stars Great sound. Missing some key features,Tim B,4,"These are great headphones! The sound they produce is excellent and they integrate well with my iPhone. They were a bit stiff and uncomfortable at first, but after a few days of wearing they stretched out a bit to fit comfortably over my head. The active noise canceling is excellent.They do lack a key feature that I had with my JBL headphones. I cannot pair to 2 devices at the same time. I work from home several days a week and am on a lot of Zoom meetings. In between meetings, I listen to music on my phone. I end up having to either toggle back and forth between devices or listen to Spotify from my laptop. Workable, but not ideal. Additionally, there is no tone to indicate that I successfully turned on the headphones. I canâ€™t always tell if they are on unless they pair to a device. This doesnâ€™t always happen automatically (probably because I regularly toggle between 2 devices). It is for this reason that these headphones only get 4 stars.","Reviewed in the United States April 26, 2024",AG2PSIOBFWMROA4RRNFO6Z6IRIKA,True,2,Color: BlackStyle: Studio ProSet: Without AppleCare+
RILE4KHDHKOLL,B0C8PR4W22,5.0 out of 5 stars Definition of Noise Canceling,Tanisha,5,I actually went to the store to purchase ApplePro Max headphones but they felt super heavy and uncomfortable on my head. These were suggested as an alternative and I LOVE THEM ðŸ’™ They didnâ€™t have the color I wanted so I bought these from Amazonâœ¨â€¼ï¸ Great decision,"Reviewed in the United States June 29, 2024",AFLPCTGKQMRDLINEIG34KJL3TMFA,True,0,Color: BlackStyle: Studio ProSet: With AppleCare+ (2 Years)
R2MO80QIZ6ZBAU,B0C8PR4W22,5.0 out of 5 stars I HAVE 2 PAIR.,TaylaTheMogul,5,"I have 2 pair one for myself in brown and one for my husband in the navy color.I use my headphones for work. While they are super great as far as sound and noise control my only complaint is the fact that they do not have a mic. For the price you pay for these headphones you would expect them to offer a mic but unfortunately they do not have one.Also, the headphones break very easy. I had to order a new pair just because I had to tape my headphones together!","Reviewed in the United States June 4, 2024",AGAVLVH4T4Z7T47UBAV4NJEDNMBQ,True,0,Color: NavyStyle: Studio ProSet: Without AppleCare+
RRB7GH2218AKK,B0C8PR4W22,5.0 out of 5 stars GREAT NOISE CANCELLATION,TexasGriller,5,"I use these headphones when I watch TV while running on a treadmill. The treadmill is pretty noisy, but the noise cancellation works really well. I compared the sound with and without noise cancellation, and the difference is impressive. I use Bluetooth to connect the headphones to the TV, and that works well also.","Reviewed in the United States June 23, 2024",AHSOX227RSRPPBJA5IH2TULLMDEA,True,1,Color: Deep BrownStyle: Studio ProSet: Without AppleCare+
RF0L2R6Q2425Z,B0C8PR4W22,5.0 out of 5 stars Super great headphones!,Rebecca Olsen,5,"I bought these on sale and it was definitely worth it. The sound quality and battery life on these headphones are great! This is my first pair of beats, and the fit was comfortable and theyâ€™re very easy to set up and use!","Reviewed in the United States June 30, 2024",AHYT7NU6H7YKHGHC624NXYH7EYAA,True,0,Color: SandstoneStyle: Studio ProSet: Without AppleCare+
R1ZQF1NFVDXB0H,B0C8PR4W22,5.0 out of 5 stars The best ðŸ‘ðŸ»,Jason Proper,5,Beats ðŸŽ§ Studio Pro by far are my favoriteOver ear headphones and Apple ðŸŽ Technology Spatial and Battery last forever I have them on now and use all day comfortable and even quick charge I mean just the other day needed to leave the house and I plugged in 10min and ran it was amazing I definitely recommend this product ðŸ‘ðŸ» I will order as a gift for my Father he will love this.,"Reviewed in the United States June 12, 2024",AGNYKNFGOHM3O2MQXN22NJHHINIA,True,0,Color: SandstoneStyle: Studio ProSet: Without AppleCare+
R1A3UHAVW5ZEUG,B0C8PR4W22,4.0 out of 5 stars Beats Studio Pro Headphoneâ€™s,LB,4,"Bought these for a birthday present for my wife. They were very easy to sync, the sound quality is great and the noise canceling works well. My wife is very pleased with this gift.","Reviewed in the United States June 28, 2024",AGNR6Q6TBN3G3G5OSTA75YVGOD4A,True,0,Color: SandstoneStyle: Studio ProSet: Without AppleCare+
R3KLPP4W91HNGX,B0C8PR4W22,5.0 out of 5 stars Pre-owned but work as new,Mkais,5,"I was never an over the ear headphones guy before these but wanted something that made it clear for others that I couldn't hear them. These have great sound and fantastic battery life, in spite of being Amazon refurbished. They came with no charger and no instructions, but that should be okay for anyone who lives in the modern world with the Internet.","Reviewed in the United States June 19, 2024",AH3IDIPI2IPL7WV7FPENPDI7YEWQ,True,0,Color: BlackStyle: Studio ProSet: Without AppleCare+
R301YXMULPEWX8,B0C8PR4W22,5.0 out of 5 stars Motherâ€™s Day gift,Chris,5,Bought these for my wife for Motherâ€™s Day and she loves them. Sounds quality is amazing and battery life is good. Very easy to connect to her iPhone and fit both our heads comfortably.,"Reviewed in the United States June 30, 2024",AENHEEAMZBTDPDAQQTT35W3ELUOQ,True,0,Color: SandstoneStyle: Studio ProSet: Without AppleCare+
R10P1MUTV7LOW3,B0C8PR4W22,5.0 out of 5 stars Best over ear headphones!,Pnw425,5,"I've owned quit of few pairs of over ear headphones and by far these are the best so far! The clarity, bass, ease of use, comfort and style are above and beyond the others!","Reviewed in the United States June 30, 2024",AFCSL4RVLA3N5YLYQXU4XM3U7PRA,True,0,Color: SandstoneStyle: Studio ProSet: Without AppleCare+
R30SPSR3PRBJ2T,B0C8PR4W22,5.0 out of 5 stars Cut the grass headphones,William Stringer,5,"These headphones work well when I cut the grass. I have a John Deere 0 turn riding mower, and I use these headphones to cut the grass. I have about 2 acres that takes about 90 minutes to cut and they work perfect. I have never run out of power and they work even when they get dusty ad dirty. They sound good and I can hear them over the mower noise. I would definitely buy the again.","Reviewed in the United States June 9, 2024",AFXDED3SNH3KQFZTGQVJ5QDIQP6A,True,0,Color: BlackStyle: Studio ProSet: Without AppleCare+
R25SKLEB2C426K,B0C8PR4W22,4.0 out of 5 stars Great for the gym,Thomas Ingram,4,"I like the headphones, owned the last several generations as well. Only disappointed with their decision to go with a soft shell case. But since I take mine to the gym and straight home it isn't that big of a deal. Charge lasts for a long time too! The added pass through sound is also nice, I can hear my music and also what's wound me easily with the side button, or go back to noise cancelation with the same button.","Reviewed in the United States June 1, 2024",AH7IYDKCU7HTAWE45Z2BM2UVCBPA,True,0,Color: BlackStyle: Studio ProSet: Without AppleCare+
R3TA8D15SL67IS,B0C8PR4W22,3.0 out of 5 stars ANC features are not good,Marine Petrosyan,3,"I was looking for an affordable option, and by the time I was purchasing this, it was 50% off, so can't complain about the VFM, however... My priority was noise-cancelling, as I am sensitive to all types of unwanted sounds, like someone talking on the phone at the office, or construction noises in the building, etc. I have had Sony, and I had no problem with noise cancellation. It was super cool, I could just turn off my nerves and work, live, move, do sports, etc. Beats has waaaay worse noise-cancellation, in the background in all modes I still hear what is going on around.The only things that is better comparing to Sony, is the stronger construction, for gym it is a plus.All other options Beats is worse. Sony is a winner.It is also a discomfort while switching between connected devices, take several some time till the headphone understands that it has to play on another device.Anyway, if I had to buy this at its original price, I would not do that. Not worth it.If I was an iPhone user, I would take AirPods Max, if no compatibility issue, I would still take it.So, if ANC is important for you, here is the list of winners:1. Apple AirPods Max2. Sony / Bose3. Beats (but not with the full original price)","Reviewed in the United States July 4, 2024",AEENT7LBNMLBL4J246VXZ4AJKUFA,True,0,Color: Deep BrownStyle: Studio ProSet: Without AppleCare+
R11YC2ZJOVWO4X,B0C8PR4W22,5.0 out of 5 stars Beats never failed me!,Anahi Gonzalez,5,"Iâ€™ve been having it since October. No problems at all with it! Iâ€™ve been using it for heating music as Iâ€™m doing hw, working out and in general. The noise cancellation also really good! The fit really nice and comfort for me. It stays well put too!. The battery life last me like probably say in a week, depending how much I use it lol. But itâ€™s really amazing :)","Reviewed in the United States June 12, 2024",AH57F744ICAG4JUY2KLDAZVQKROQ,True,0,Color: BlackStyle: Studio ProSet: Without AppleCare+
RL49RPWG1ETR1,B0C8PR4W22,5.0 out of 5 stars Best headphones iâ€™ve ever bought (and theyâ€™re used!),nunya,5,"I was pleasantly surprised with how these headphones perform. Their sound is impeccable, i set up visual audio on my iPhone and it basically turned them into surround sound. Noise cancelling usually give me a headache, but iâ€™ve been wearing them for a bit now with it on and so far, so good. They fit comfortably and i definitely got a great deal on these.","Reviewed in the United States June 14, 2024",AHABHMFBI3T26S5Q3NRTFC3RU7XQ,True,3,Color: Deep BrownStyle: Studio ProSet: Without AppleCare+
RZNXNDR5XIAAQ,B0C8PR4W22,5.0 out of 5 stars Love them,CG,5,I was unsure about buying these because of some reviews but I donâ€™t regret it. The sound quality is great and they are comfy on my ears-Iâ€™m very pleased with these!,"Reviewed in the United States June 27, 2024",AG6E5WB27PGTKV2OD6DHYAOZLGAQ,True,0,Color: SandstoneStyle: Studio ProSet: Without AppleCare+
R1I5AGGT36D4BO,B0C8PR4W22,4.0 out of 5 stars Love!,Jordan Dooley,4,These are amazing! I had the old version and it was time for an upgrade. No complaints,"Reviewed in the United States July 2, 2024",AEM67ZOUD527YGVGPGN7PURXBERQ,True,0,Color: SandstoneStyle: Studio ProSet: Without AppleCare+
R10OB4OWD1J5YO,B0C8PR4W22,5.0 out of 5 stars I donâ€™t know what I would do without these!,Taylor Bird,5,"I previously had some cheap noise canceling headphones when they started construction on my building, and let me tell you these are the upgrade of a lifetime!I know theyâ€™re pricey but theyâ€™re SO GOOD! I use them every day now to â€œget in the zoneâ€ at work and with a little music these block out everything around me and let me focus.","Reviewed in the United States June 13, 2024",AECUDDSEDNKLSL5JD63UGMTRMLLA,True,0,Color: SandstoneStyle: Studio ProSet: Without AppleCare+
R1K0RDDQP33GXI,B0C8PR4W22,5.0 out of 5 stars The best headphones out there fr!,jj,5,"I love my beats, I love the noise cancellation, and I appreciate how the battery last awhile!! I highly recommend getting beatsâ€¦ good quality and for a good price instead of those really expensive Apple headphones! ðŸŽ§","Reviewed in the United States June 25, 2024",AH7W3QHFB64KT3ZJKGKMGZWKFA3A,True,0,Color: BlackStyle: Studio ProSet: Without AppleCare+
R3HQISHH1U1TMR,B0C8PR4W22,5.0 out of 5 stars Love my new headphones,Veronica K.,5,"I got these headphones for Motherâ€™s DayAbsolutely love them, they truly do Block out the noise around you so that you can enjoy your music","Reviewed in the United States June 29, 2024",AFGJMW7SDPYF4EAUZREZTPREFWUQ,True,0,Color: NavyStyle: Studio ProSet: Without AppleCare+
R27TIBVRVN703V,B0C8PR4W22,5.0 out of 5 stars Graduation money well spent!,Holly,5,Our son used some Amazon gift cards and money to buy these when they were recently on sale. Great buy! Great color! He said he loves to use these at times because his AirPods hurt his ears when he wears them for a long time.,"Reviewed in the United States June 20, 2024",AGNKOIFCZGQJDS7M6XLTAOYGCUTA,True,0,Color: SandstoneStyle: Studio ProSet: Without AppleCare+
RK6G0LEEHUV6U,B0C8PR4W22,5.0 out of 5 stars Premium headphones,C. P. Jackson,5,"The Beats Studio Pro Wireless Bluetooth Noise Cancelling Headphones are incredible! The noise cancellation is top-notch, immersing me completely in my music. The personalized spatial audio creates an amazing listening experience, and the USB-C lossless audio ensures exceptional sound quality. They're comfortable for long wear and have a sleek design. Highly recommended for anyone seeking premium headphones","Reviewed in the United States June 17, 2024",AGL7YKI4F4Y5NHB7RDQJHD4RH5LQ,True,1,Color: NavyStyle: Studio ProSet: Without AppleCare+
R2L154AJZ6IPZX,B0C8PR4W22,5.0 out of 5 stars Worth every cent!,Jonina,5,These. Are. Great.-noise cancelling-clear sound-seamless connectivity-GREAT sound and battery lifeOrdered the dark brown and l o v e it.,"Reviewed in the United States June 30, 2024",AF65MW4SLX6BOVPVFBKAT4MIYW2A,True,0,Color: Deep BrownStyle: Studio ProSet: Without AppleCare+
R2F6U12Q0RR61,B0C8PR4W22,5.0 out of 5 stars This is my 2 pair on beats,Mikhael berdyshev,5,"I used to have one no pro, I decide d to try Beats Pro, and I do like sound and 3 modes Wich available for get more comfort transparency works well","Reviewed in the United States June 27, 2024",AFLCLZYCZY7N5YZIFS647X6DUJ6Q,True,0,Color: SandstoneStyle: Studio ProSet: Without AppleCare+
R16PWVBF7TOGOK,B0C8PR4W22,5.0 out of 5 stars Great sound,kaylena Silva,5,Bought for my teenage daughter and she loves it. Meets all her expectations. Except she can't hear me when I talk to her. So I'm not sure if that's a good thing or bad... but works great.,"Reviewed in the United States June 18, 2024",AHM7KCW7B7K3SNQ5MISBK27H2XTQ,True,0,Color: BlackStyle: Studio ProSet: Without AppleCare+
R3PKX54VHP9QXO,B0C8PR4W22,4.0 out of 5 stars Good headphones,margaret juarez,4,"I havenâ€™t own a pair of headphones this is my first pair so my review may be biased on the quality of the headphones from sound to design but I have asked people around that have own many pairs of headphones for their opinion about this set and I will be incorporating their opinion on the sound.These headphones sound very good for its price, I was looking for something that wouldnâ€™t break the bank (Iâ€™m a broke college student), have good sound quality, and noise cancellation. I wanted something to block out the little noises and hustle and bustle when I study in the library, in a coffee shop, at home, or outside. I read a lot of reviews from different sites and watched videos about the beast pro before I committed to them. What was important for me besides the sound quality was how good the noise canceling was. Many said that for the price it was a good head set for its quality, it was equal to the the quiet comfort 45 Bose headphones.Now the sound quality in my opinion is good, I will say though that for classical and R&B music it doesnâ€™t give it justice. You can hear the music just fine but when you are in a noisy environment, even with noise cancellation, you have to put up the volume to hear lower and softer melodies. For more up beat music the music sounds better especially like pop, rap, country, etc. There isnâ€™t a lot of base but you can control itâ€™s sound, you just have to have the iPhone 11 or 12 and up to do that, I have an SE 2nd gen.The opinion that I have asked of others are an overall 7/10The battery life is amazing, it last for long periods of time, for 10 hrs of music straight the battery holds to a good percentage. If I hear for a few hrs of music a day for a week, I donâ€™t have to charge it until the next week. And it charges so quickly too, it takes up to 30 min to charge full.I like how it have its own pouch to store it in with its adapters and charger, and have an extra zipper pocket to store in anything extra.Overall these a pretty good headphones if you donâ€™t want to spend over $300 for a pair.","Reviewed in the United States January 1, 2024",AFJACG5ME2ZWJUUIUIXBOYBEYPKQ,True,6,Color: SandstoneStyle: Studio ProSet: Without AppleCare+
R1WDZTWIJIZRH,B0C8PR4W22,5.0 out of 5 stars music is my vibe!,LOTUS LOVE,5,"these are beautiful! And sounds quality is 100% amazing. But..they slip off my head.. Maybe it's a good sign i don't have a BIG HEAD.. LOL BUT OTHER THAN THAT, I LOVE THEM. EASY TO CONNECT TO MY LAPTOP,PHONE OR TABLET. NO ISSUES ON THAT. OVER ALL ID RECOMMENDED FOR SURE!","Reviewed in the United States June 10, 2024",AHFWMOJD5FS4OGWZJI4B77CNUCMA,True,0,Color: SandstoneStyle: Studio ProSet: Without AppleCare+
R2D80GSD8CWNJP,B0C8PR4W22,5.0 out of 5 stars Awesome over ear headphones,BigDaddyTrevis,5,These sound amazing. I like the effortless setup with all my Apple devices. I wore them all day as soon as I got them and theyâ€™re very comfortable.,"Reviewed in the United States June 23, 2024",AFCFTUPSYLTAZVEXVGX6YZ4SGNBA,True,0,Color: BlackStyle: Studio ProSet: Without AppleCare+
R2T8QUKQ4PQK40,B0C8PR4W22,5.0 out of 5 stars This are great!!,Timothy C.,5,"I recently returned a pair of Air Max Pro's. I bought them on a 2nd hand website and I am pretty sure they were dupes. I don't use headphones a lot, generally when traveling which I only do a few times a year. I am traveling overseas this summer and wanted some good head phones for the long plane ride but just couldn't bring myself to spend $400. I was eyeing this on Best Buy's website when they went onsale for $199. I wanted to double check Amazon and found an even better deal from Amazon Warehouse for $150! It stated the box might have some damage but the headphones were brand new. When they arrived I was pleasantly surprised to see everything was in great shape. I've only had the opportunity to use them 1 day but so far I am very pleased! The sound is great, the integration with my iphone is great! The noise cancellation works very well, however, it gives me some anxiety being totally deaf to my surroundings so the transparency feature is perfect for me. I think I got a very good deal and I am super happy with them!","Reviewed in the United States April 9, 2024",AHEEDI4QLRLJO6F5FBLTHWH6ACEQ,True,0,Color: SandstoneStyle: Studio ProSet: Without AppleCare+
R3W2KYI6YMBHON,B0C8PR4W22,5.0 out of 5 stars Great sound,Sandy,5,I use this for riding my bike and the sound is wonderful. I keep one ear off the ear a bit to hear outside noises such as oncoming traffic. Will be taking this on the plane with me on my next trip . The noise cancellation works great.,"Reviewed in the United States June 13, 2024",AH5NXHDGF7IK2OCL3WH76FBSO4NQ,True,0,Color: SandstoneStyle: Studio ProSet: Without AppleCare+
RJMF8LRYG1G8P,B0C8PR4W22,5.0 out of 5 stars DiseÃ±o iconos,Juan C.,5,Mantiene su DiseÃ±o iconico un poco mÃ¡s elegante lo Ãºnico que no me gusta es que aprieta un poco y uno se cansa de andarlos,"Reviewed in the United States June 21, 2024",AEDW2TRLFRLRJM4JAAXXZYWF3A4A,True,0,Color: BlackStyle: Studio ProSet: Without AppleCare+
RRAUZ8ENNL52X,B0C8PR4W22,4.0 out of 5 stars Beautiful color and comfort.,Logan,4,I have 2 complaints. 1) I wish they were a little louder in volume. 2) The headphone bar that sits on your head should be made more comfortably. You can feel it and over long period of times it starts to feel uncomfortable. Other than that they were very comfortable and stylish. Love them. Just want those 2 changes.,"Reviewed in the United States May 22, 2024",AFWZ4V5JAHQDILRUZCZXZVI3N4DQ,True,0,Color: Deep BrownStyle: Studio ProSet: Without AppleCare+
R3AOC5K6P26KWP,B0C8PR4W22,4.0 out of 5 stars Good for a 30 min music cession,jesus,4,Honestly i did not like these beats. I have airpods pro latest generation and they are way better. I personally did not like this item because the music sounded funny not clear kinda like if you need to pop your ears after going up a mountain. They were also very tight around my head so i had to take breaks using them because it would hurt my ears. The charging is fast. They are stable and they were pretty easy to use. The buttons were responsive. They are pretty good if you haven't tried airpods pro. Beats were not it for me but if you don't care just listening to music then they will be a great choice for you.,"Reviewed in the United States April 15, 2024",AFPPLMY3643EDC4H2Y7PVOBFDPBQ,True,0,Color: SandstoneStyle: Studio ProSet: Without AppleCare+
R1RIWATUTGYW7J,B0C8PR4W22,5.0 out of 5 stars Great headphones,Amazon Customer,5,"These have great bass, and very good noise cancelling. Works great with the newest iPhone. I bought them for a vacation, kept all the noise out on the flight, way better than my AirPods!","Reviewed in the United States June 10, 2024",AGVNU57XEOOII36P6I4AM35XRCIA,True,0,Color: NavyStyle: Studio ProSet: Without AppleCare+
R1MYECZQO2P2QS,B0C8PR4W22,5.0 out of 5 stars Fiance loves them!,4EVERSHOPPING,5,Heâ€™s using them to cut the grass and loves them!,"Reviewed in the United States June 28, 2024",AEP6T5SSKFLBB4UJEKHHN3IUHSOQ,True,0,Color: BlackStyle: Studio ProSet: Without AppleCare+
R3HDM5ZEEKCQIQ,B0C8PR4W22,5.0 out of 5 stars Theyâ€™re perfet,Tjay,5,Theyâ€™re legit I couldnâ€™t ask for better ones honestly,"Reviewed in the United States June 29, 2024",AFDN65AFE7DCFED63YZNRP7ZEQGQ,True,0,Color: BlackStyle: Studio ProSet: Without AppleCare+
R16F0S7RDU6M5N,B0C8PR4W22,5.0 out of 5 stars Better than Bose,Dale B,5,As advertised. Better battery life. Simple set up.,"Reviewed in the United States June 27, 2024",AHBOXB6O3AUQYKCMRGR2WM3TL24A,True,0,Color: SandstoneStyle: Studio ProSet: Without AppleCare+
R19FNCEBWTLWCK,B0C8PR4W22,5.0 out of 5 stars Comfortable and Noise Canceling!,Zack,5,"These headphones are everything I dreamed they'd be. Many people have told me I could find the same quality or better for cheaper, which may or may not be true, but I'm honestly glad I got these. (They were on sale anyway).Even though I might agree they're overpriced, they really are outstanding. I don't know that much about sound quality, and the differences that exist between products, but if I could describe the sound coming out of these headphones: I feel like I can hear every cord on guitars, every beat on drums, and the very vibration in my favorite artists' voice while they're singing. This is of course all further improved by seemless noise canceling.Obviously, it would not be possible to block out every sound (like the insanely loud truck horns when I go outside to take the trash out), but I will say my family members have had to SHOUT to get my attention at times lol. And I mean they were seriously screaming bloody murder. I really don't hear anything but music when I have these things on and in noise cancelling mode. In fact, at one point I had them in transparency mode without realizing and I could hear the ambient noises coming from TV still (which is what alerted me to them not being in noise cancelling), so I switched them back in the app and the sound from my TV was cut out completely in a second. I'm not going to lie, it impressed me. Maybe I'm easy to impress.I could probably go on and on about these, but bottom line: yes they are an overpriced brand name and not the only good product you could get, but if you do decide to buy them you won't be disappointed or feel it's a waste of money. If you want to splurge and treat yourself, these headphones are a safe choice.And hey, if you're filthy rich, what do I care what you do with your money?","Reviewed in the United States December 8, 2023",AHSQFTDH4ON7KJQS5YF6JMRUHASQ,True,19,Color: BlackStyle: Studio ProSet: Without AppleCare+
R177G9LC42GSOQ,B0C8PR4W22,5.0 out of 5 stars Best option and price for college athlete,Margaret T Bradshaw,5,My daughter loves the fit and sound quality,"Reviewed in the United States June 27, 2024",AHHFV7QDLKWY5MOPHRLJTWJCGVLQ,True,0,Color: NavyStyle: Studio ProSet: Without AppleCare+
R1MNTZ7Z3GBVEN,B0C8PR4W22,5.0 out of 5 stars Purchase as gift,sylvana,5,My husband Love his noise cancelling head phones.,"Reviewed in the United States June 27, 2024",AH2R2FQ3H7YY2637LSGP3PK5KYOQ,True,0,Color: BlackStyle: Studio ProSet: Without AppleCare+
R3QWPD1J07YJIW,B0C8PR4W22,5.0 out of 5 stars Great,Cong tien dao,5,This is great price and good choice,"Reviewed in the United States July 4, 2024",AGWJI2L5DJ5XCIBZTPYP3UPQWWQQ,True,0,Color: SandstoneStyle: Studio ProSet: Without AppleCare+
R3V792PT3A2WZG,B0C8PR4W22,5.0 out of 5 stars Love these!,Amazon Customer,5,Love the quality and the sound! They do not feel cheap at all. Very comfortable to wear for hours! Get them!!,"Reviewed in the United States June 18, 2024",AFWFSDG3BZZM42URE2NHIKLVNMQQ,True,0,Color: BlackStyle: Studio ProSet: Without AppleCare+
R2S8A6NAT80LFL,B0C8PR4W22,5.0 out of 5 stars Better than expected,LRoberts,5,"After reading a bunch of reviews I was nervous that these might not be the best option for me because everyone said they didn't fit right and hurt, but as a female with a smaller head/ears they seem to fit just fine. I do sometimes have some trouble with where they sit on the top of my head after a while if it's in a certain spot, but overall I've been able to wear them for hours at a time cleaning the house or sitting and listening to music and I think they've been great. I wanted them to be able to pair easily with my iphone which they do, and the main purpose I bought them for was to be able to wear them while on walks and still be able to hear my surroundings. The passthrough feature is pretty good, although I did notice that wind noise is a bit loud with 2 of the 3 noise cancellation settings, but not terrible. I also saw people complaining that it was hard to tell which setting you are on, but the sounds are very different for each so if you just quickly memorize which is associated with the appropriate setting, it's really not hard at all to know which one you are on based on the sound. Overall for the price I paid getting them on sale during black, these have been well worth it for what I was looking for","Reviewed in the United States January 18, 2024",AHTDAJZX6CASB4TLVNY5PCYJPF5A,True,1,Color: BlackStyle: Studio ProSet: Without AppleCare+
R18BXNDI9U5RQW,B0C8PR4W22,5.0 out of 5 stars Headphones,terry collins,5,Very comfortable & the sound is awesome,"Reviewed in the United States June 24, 2024",AGBMADFEQJSESXATF4VSRUBYEAYQ,True,0,Color: BlackStyle: Studio ProSet: Without AppleCare+
R1GEQ23K8TF8D0,B0C8PR4W22,5.0 out of 5 stars GREAT SOUND,Jasmine Gabaldon,5,I literally have been wanting these for the longest & luckily I caught the 50% off sale & only paid $199 bcuz I refused to let my husband pay $400. Perks of being a prime member! The sound quality is perfect! It blocks out the sound around you very well. And the color is a beautiful matte brown! The charge lasts a long time also. I honestly stole the deal on these!,"Reviewed in the United States May 26, 2024",AFND6ECFVR6UJERMUEODBMNENBZQ,True,4,Color: Deep BrownStyle: Studio ProSet: Without AppleCare+
R29LNZ2LONZJLC,B0C8PR4W22,5.0 out of 5 stars Works great,Brandei,5,Perfect sound and perfect performance,"Reviewed in the United States June 30, 2024",AH422EPQAWPVVMEA5S2KYSUM7M2Q,True,0,Color: BlackStyle: Studio ProSet: Without AppleCare+
R2X5RBKVPANSSN,B0C8PR4W22,"5.0 out of 5 stars I didn't need them, stopped myself a few times, but broke down and bought them and so glad I did.",movin and groovin,5,"I already have original Airpod Pros that I like a lot, although I've gone thru 5 plus replacements due to a cracking noise. I also had some older Bose wired noise cancelling that worked really well and the AirPod Studio are too expensive, A few month back I read an article comparing the Beats Studio with the AirPod Studios. They both have outstanding features and the report gave the Beats a slight advantage. I saw the Beats Studio on sale a couple of times and was tempted to buy, but talked myself out of it. Then Amazon had their October Prime days sale and on the second day these were at a really really good price. So I bought them with one rule to myself. I couldn't open the box until I sold the Bose on Ebay, which happened pretty quickly, so I ended up paying less than $100 after selling my Bose. I opened the box, put them on a good charge and used them every day for almost 2 weeks before needing a charge. I use them for watching tv and they sound fantastic. They are really good at noise cancellation and Spacial Audio sound better than my AirPod Pros. Love that I can go a looooong time between charges. The AirPod lasted around 4 hours. These can go up to 40. The only complaint is that the padding is not as soft as the Bose and after 3 hours or so, I would have to pull them off and let the top of my ears get a rest from the pressure. The other complaint is that when I'm out walking my dog, there is a very loud buffeting noise on windy days. It's just the shape of the headphones and probably happens on most full size headphones.These use USB-C cables so I plugged them into my Macbook Pro using USB-C and played some lossless music from Apple Music and WOW. I love listening to older music from the 70s and it really has great bass. I've been turning off noise cancelling/transparent mode to get longer life and it has been about 3 weeks of use with only one recharge.One thing is that the carrying case is a bit thicker than the Bose so they might not fit in my favorite carry on bag for my ipod and other gadgets that I can't live without when flying. Overall I'm super happy with these.","Reviewed in the United States November 11, 2023",AHERDTMZMWFVE45UI5OQLOPT3JZQ,True,123,Color: SandstoneStyle: Studio ProSet: Without AppleCare+
R13ESR8RCB4IUI,B0C8PR4W22,5.0 out of 5 stars Happy Customer,Cari,5,"Bought these as a gift for my husband. He loves them. He can listen to his music as loud as he would like without bothering anyone in the house. I can be vacuuming, and he does not even know. this was a great buy!","Reviewed in the United States May 27, 2024",AGL6IGY7QOG7TYRYABY7UVF6LWZQ,True,0,Color: NavyStyle: Studio ProSet: Without AppleCare+
R2EEKD16E9AEWK,B0C8PR4W22,5.0 out of 5 stars Amazing sound quality,Savannah Jo Brown,5,I absolutely love them! My husband got them for me for Motherâ€™s Day! Made a great gift. Sound quality is amazing! They fit great and the battery life is amazing.,"Reviewed in the United States June 9, 2024",AEL63DRXVSDPQQE67225N5QXI4OQ,True,0,Color: SandstoneStyle: Studio ProSet: Without AppleCare+
R2Q6CCPA05V59C,B0C8PR4W22,5.0 out of 5 stars Wow. These are awesome.,Bruce J. Lambrecht,5,I love these! I use them with an Iphone on the plane and while mowing the lawn. They cut out all the background noise so you just hear the music. I can also take a phone call while mowing the lawn and somehow it cuts out the noise but the caller can still hear me. It's like magic!,"Reviewed in the United States May 24, 2024",AGY3MONLHBO2QCTOJFRDWJ7V2EZQ,True,0,Color: Deep BrownStyle: Studio ProSet: Without AppleCare+
R3Q0KCRF9CILPE,B0C8PR4W22,5.0 out of 5 stars My first high end pair of headphones and they're amazing,Lisa Smith,5,"Not only have I never owned headphones that cost more than $15, ive never owned wireless headphones nor the kind that go over your head....so I may be biased with my review having no experience with any other headphones on the level of the Beats Studio Pro. They are amazing, and totally surpassed my expectations.The reason I used to only buy ear buds (the kind that have those rubber peices that go deep into your ear) was because I thought that was the only way to get good quality sound and lots of base. I like to dance to fast paced pop music and sweat to the oldies and have my music LOUD. I always assumed ear muff type of headphones would make most of the music/volume escape around the sides. But I was so wrong, these Beats headphones make it sound like you're at the club, or like the music is being performed in the room with you...I heard things in my music that I've never heard before; a subtle drum or base in the background that I didn't know was there, a background singer adding a note at a certain point...And yet it didn't change the song but enhanced it. I didn't know music could sound like this! I'm 32 and kicking myself for not investing in a nice pair of headphones all these years. I dont see how it could get better than this. If you love music, like really love listening to music, you need to have these! Oh, and the 'transparency mode' blew my mind. It actually works and I have no idea how. Charge lasts for weeks (listening to music about an hour or 2 a day). I guess the only downfall is keeping them clean, though I'm sure there's a product out there for that.","Reviewed in the United States January 30, 2024",AFQHYSP2HWNWRTFYZ25WP2SFJ3FA,True,1,Color: BlackStyle: Studio ProSet: Without AppleCare+
R2LSW4VNZ739M1,B0C8PR4W22,5.0 out of 5 stars Love the noise canceling,J,5,worth the money,"Reviewed in the United States July 1, 2024",AFTHINEVA4A6QWS53PVOONUDY65A,True,0,Color: BlackStyle: Studio ProSet: Without AppleCare+
RDPQO29GLE92F,B0C8PR4W22,5.0 out of 5 stars Sound emitted is great.,Rose Trevino,5,Listening to music.,"Reviewed in the United States July 1, 2024",AH5B3LEYTCF7XTWZMSIAJC3LHCFQ,True,0,Color: Deep BrownStyle: Studio ProSet: Without AppleCare+
R3P72Z9HSA5050,B0C8PR4W22,5.0 out of 5 stars Great,Carl Robinson,5,"Best headphones I ever bought, there are settings that allow you to hear your music as well as the sounds and people around you. Then thereâ€™s the noise cancellation feature that makes your music sound so much better.","Reviewed in the United States May 30, 2024",AGZKXR5QHJ2GOOPUPZ6BLTEKGYEA,True,0,Color: BlackStyle: Studio ProSet: Without AppleCare+
R3DV0A9TTABJPS,B0C8PR4W22,4.0 out of 5 stars Consider hair entanglement,Michaela J Compton,4,"I wanted to splurge. Bought these for myself for Christmas. The off-white color is sophisticated looking. Noise cancellation is so good that it's almost too good. I'm a Mom who needs to hear what her kids are up to around the house. My solution is to move one speaker off my ear. The spatial surround sound is a good feature, but also a little disorienting. The construction of the over-ear speakers causes my hair to get caught in the seam!!!!! Yikes!!!! No!!!! If I had to do this again, I'd go with a less expensive brand with no seams on the earpieces.","Reviewed in the United States April 14, 2024",AER5XXYZFVMGQTLWGPRU4WMOLS5A,True,1,Color: SandstoneStyle: Studio ProSet: Without AppleCare+
R1LDRL418ISZV8,B0C8PR4W22,"4.0 out of 5 stars For the price, I have notes",Algonquindot,4,"After the excitement wore off from finally getting these, I started to notice I'd been ignoring my earlobes hurting and uncomfortable. There is no way to adjust the size of the band so they slide down every 5 minutes and tug on my ears.Then, the Bluetooth connection started getting weird, and I have to mess with it when using my laptop.PROS: The sound itself is SUPER EXCELLENT! I rewatched ""Once Upon A Time In Hollywood"" with them, and there was an entire track of background noise that I never knew existed! It was a totally different movie with such great sound! The ear cups are soft and buttery, and feel nice against the skin. The noise cancelation works really good and it's nice to have the transparent option. It really holds a charge for DAYS!Basically, two problems, but I'm not saying they're not nice. They need to figure out how to fit different people better, and do something to make switching Bluetooth devices go smoother.","Reviewed in the United States February 10, 2024",AHFNH4FUB43J3NQYSJC6WU4MGWKA,True,2,Color: SandstoneStyle: Studio ProSet: Without AppleCare+
RK9IM9BGM15SC,B0C8PR4W22,5.0 out of 5 stars Great sound,becky rubino,5,Bought these for my granddaughters graduation. She absolutely loves them. So I tried them and they sound great. Highly recommended,"Reviewed in the United States June 8, 2024",AF6XQK6WM2EW5EZOQ37MLIPSLEAA,True,0,Color: SandstoneStyle: Studio ProSet: Without AppleCare+
RDMSHTPX9YZJP,B0C8PR4W22,4.0 out of 5 stars Love these headphones for anything,Traci Lee,4,I love these!! I wear them all the time and have not had any pain except when I had a fresh helix piercing and accidentally put the ear cup on it,"Reviewed in the United States May 30, 2024",AGLT6DW6A7XO44C4CBNSZAP2UUNQ,True,0,Color: BlackStyle: Studio ProSet: Without AppleCare+
R1MQZB3KB7QTTU,B0C8PR4W22,5.0 out of 5 stars Great for sound and comfort.,Local girl0721,5,"I have always wanted a set of Beats and took advantage of a sale Amazon had to purchase these. So happy I did as they are very comfortable to wear for hours at a time. I use these at work and at home and I love the noise cancellation aspect, the sound when music is playing, and the comfort when wearing. No ear buds falling out of my ears, or worrying where I laid these. Wish they were black, or green, or red, but they are amazing as they are.","Reviewed in the United States May 10, 2024",AGPU77WWYS65ZNSVRBKNQF4SUZSQ,True,0,Color: SandstoneStyle: Studio ProSet: Without AppleCare+
R3U64XHEOCE0MV,B0C8PR4W22,4.0 out of 5 stars Great noise cancellation,Ralph Timpson,4,Good connection and seamless switching among multiple Apple devices. Occasionally less than perfect audio on phone calls.,"Reviewed in the United States May 30, 2024",AE5T2QF5QRRYXQL3JE5WHVBN2YNA,True,0,Color: NavyStyle: Studio ProSet: Without AppleCare+
R3A4HIQM4WOPH6,B0C8PR4W22,5.0 out of 5 stars Great quality,NatureLvr Mama,5,Worth it,"Reviewed in the United States June 19, 2024",AFQ3FIVJIYVTBPDHCFQUCAIX7C2Q,True,0,Color: SandstoneStyle: Studio ProSet: Without AppleCare+
RTGFDCQUN2QKX,B0C8PR4W22,5.0 out of 5 stars AMAZING purchase,D,5,"Battery last over 36+ of intense use, fit was great. The color was even better in person. Great performance and connectivity.","Reviewed in the United States June 8, 2024",AFUKYAKYCNM22KEUFO3SABPN3DHQ,True,0,Color: Deep BrownStyle: Studio ProSet: Without AppleCare+
R2DDPYI0FSEYIG,B0C8PR4W22,5.0 out of 5 stars All good,K walk5,5,All good,"Reviewed in the United States June 29, 2024",AE42O6N264Z5OYLWLDY4CV2SQ3RA,True,0,Color: SandstoneStyle: Studio ProSet: Without AppleCare+
R3OWIZEM7ZNWM6,B0C8PR4W22,4.0 out of 5 stars Bien,Javier E. ms.,4,El diseÃ±o el sonido es muy bueno el Ãºnico punto negativo es un ruido de estÃ¡tica en uno de los parlantes que se hace muy molesto en ocasiones,"Reviewed in the United States June 3, 2024",AGFFN2EYZZJ3XG4EV6P2IT3A6BIA,True,0,Color: NavyStyle: Studio ProSet: Without AppleCare+
R27YUDSNWGP4YP,B0C8PR4W22,5.0 out of 5 stars Maybe not worth 300$ but definitely a good hair of headphones,Blessing Okoye,5,"Itâ€™s really good! The brown in browning, the feel is velvet, the settings are easy to manage, bass is loud. I argue maybe itâ€™s not ALLLL that noise canceling but surely youâ€™d hear your music more than the world around you. I really love it!","Reviewed in the United States May 16, 2024",AFMV5IO752E6CZ2RABLU2HZF44HQ,True,1,Color: Deep BrownStyle: Studio ProSet: Without AppleCare+
R1ONWPDHGGYZZM,B0C8PR4W22,5.0 out of 5 stars Muy buen poducto,Gracias,5,Muy util,"Reviewed in the United States June 9, 2024",AHOGT7JJ6WL34LAHKFTL2VOAXODA,True,0,Color: BlackStyle: Studio ProSet: Without AppleCare+
R3IOL943SSM8AJ,B0C8PR4W22,5.0 out of 5 stars These work great,GP,5,"Great sound quality. And my power button works, i can't say this for my beats studio 3, wireless.","Reviewed in the United States June 10, 2024",AGCQJ773Z7HO2RD5KHRVZKE5XRGA,True,0,Color: BlackStyle: Studio ProSet: Without AppleCare+
R2BRR7LFSRRH0X,B0C8PR4W22,4.0 out of 5 stars Worth it for the discounted price,Timothy,4,"I used to have an Airpods but I always wanted a pair headphones than earphones so I was stoked to see that this was on sale. Iâ€™m no audiophile so I donâ€™t actually mind what the pro reviews say about the nitty gritty aspects. Based on my experience (at least when I tested it out when I received this purchase), I like the sound. Itâ€™s clear, the spatial audio is also nice, I loved the ANC and Transparency modes. I also owned a pair of cheap headphones a few years back and Iâ€™m pretty certain these experiences are very much new to me in a good way. However, I will have to echo the reviews of tech Youtubers that auto pause is not included and Iâ€™m pretty bummed about that one because that should have been standard.For the original price of 349 though I wouldnâ€™t recommend people to buy this. Only when it was discounted, which is what I did - for 170USD.","Reviewed in the United States January 5, 2024",AHFBSDI6TY2Q6JF5ICD3BQEF46CQ,True,0,Color: NavyStyle: Studio ProSet: Without AppleCare+
R7GDYKO1WIIDX,B0C8PR4W22,5.0 out of 5 stars Amazing,Donna Aguirre,5,I absolutely LOVE these headphones! They are so comfortable I am able to sleep with them on whole I listen to my meditation music. The sound is great! I have no complaints whatsoever about these.,"Reviewed in the United States June 1, 2024",AGILM5ROAXP4DQ2R2YGN4AFLPKCQ,True,0,Color: BlackStyle: Studio ProSet: Without AppleCare+
RQSMP48E44FQQ,B0C8PR4W22,5.0 out of 5 stars Beats Headphones,"Cute, but broke the second i opened the box.",5,"LOVE these! Absolutely worth the price. Shipped quickly, they hold a charge for days, and have great durability.","Reviewed in the United States June 10, 2024",AGDMMHJAPVUH24RP72RHOF7UDJ4A,True,6,Color: SandstoneStyle: Studio ProSet: Without AppleCare+
